Data,Valor
2019-06-07,92
2019-06-09,86.99
2019-06-15,86.99
2019-06-29,76.89
2019-07-02,69.99
2019-07-07,69.99
2019-07-25,133.99
2019-07-27,130.99
2019-07-28,133.99
2019-08-01,133.99
2019-08-03,81.99
2019-08-04,81.99
2019-08-06,77.99
2019-08-11,84.98
2019-08-12,110.91
2019-08-13,111
2019-08-16,122
2019-08-18,115.25
2019-08-19,116.69
2019-08-21,90.44
2019-08-23,77.99
2019-08-26,74.99
2019-08-31,86.58
2019-09-02,92.42
2019-09-03,108.19
2019-09-04,77.99
2019-09-07,93.36
2019-09-08,102.3
2019-09-08,96.72
2019-09-09,99.87
2019-09-09,97.8
2019-09-10,93.36
2019-09-11,105.72
2019-09-11,92
2019-09-19,90.69
2019-09-20,91.57
2019-09-23,90.69
2019-09-25,81.99
2019-10-08,77.99
2019-10-10,81.99
2019-10-18,80.99
2019-10-21,81.99
2019-10-22,80
2019-11-04,81.99
2019-11-05,78.99
2019-11-14,77.99
2019-11-19,76.89
2019-11-22,76.99
2019-11-27,77.99
2019-12-02,92.22
2019-12-03,107.68
2019-12-03,106.08
2019-12-04,97.79
2019-12-04,77.99
2019-12-05,79.99
2019-12-10,77.99
2019-12-17,79.97
2019-12-17,79.99
2019-12-18,81.99
2019-12-18,77.99
2019-12-20,81.99
2019-12-21,79.99
2019-12-26,77.99
2020-01-02,79.99
2020-01-08,81.99
2020-01-15,75.99
2020-01-16,78.99
2020-01-17,75.99
2020-01-29,81.99
2020-02-01,78.99
2020-02-07,81.99
2020-02-11,77.99
2020-02-13,81.99
2020-02-22,75.99
2020-02-25,76.99
2020-03-01,81.99
2020-03-04,89.98
2020-03-05,81.99
2020-03-05,87.69
2020-03-05,89.98
2020-03-06,95.98
2020-03-06,96.79
2020-03-07,102.31
2020-03-07,98.23
2020-03-07,96.5
2020-03-08,96.35
2020-03-08,96.24
2020-03-08,96.07
2020-03-08,94.95
2020-03-09,96.78
2020-03-09,96.46
2020-03-09,96.78
2020-03-10,96.77
2020-03-10,96.59
2020-03-10,96.42
2020-03-10,96.25
2020-03-10,96.22
2020-03-11,81.99
2020-03-17,86.99
2020-03-26,81.99
2020-03-29,86.99
2020-04-09,85.66
2020-04-09,77.99
2020-04-16,86.99
2020-04-23,85.99
2020-04-27,84.66
2020-04-27,84.7
2020-04-27,76.99
2020-05-04,93.54
2020-05-04,93.5
2020-05-04,93.48
2020-05-04,93.44
2020-05-04,93.42
2020-05-04,93.38
2020-05-04,85.99
2020-05-04,93.3
2020-05-04,93.28
2020-05-04,85.99
2020-05-05,93.96
2020-05-05,85.86
2020-05-05,77.99
2020-05-05,85.76
2020-05-06,85.7
2020-05-06,77.99
2020-05-06,85.55
2020-05-06,85.5
2020-05-06,85.49
2020-05-06,85.48
2020-05-06,85.47
2020-05-06,85.46
2020-05-07,85.42
2020-05-07,85.36
2020-05-07,77.99
2020-05-12,85.99
2020-05-15,76.99
2020-05-18,85.99
2020-05-18,83.99
2020-05-19,82.99
2020-05-26,79.99
2020-06-03,78.99
2020-06-09,77.99
2020-06-11,78.99
2020-07-01,80.99
2020-07-07,79.99
2020-07-09,75.99
2020-07-21,73.99
2020-08-04,68.99
2020-08-18,67.99
2020-08-20,78.1
2020-08-20,67.99
2020-08-25,68.99
2020-08-25,93.7
2020-08-25,93.3
2020-08-25,92.39
2020-08-25,91.48
2020-08-26,89.77
2020-08-26,74.99
2020-08-27,68.99
2020-08-27,67.99
2020-09-11,63.99
2020-09-15,64.99
2020-09-22,68.99
2020-09-27,78.39
2020-09-29,78.47
2020-09-29,69.99
2020-09-29,68.99
2020-11-12,70.99
2020-11-30,89.99
2020-11-30,70.99
2020-11-30,89.99
2020-11-30,92.39
2020-12-01,70.99
2020-12-01,98.59
2020-12-02,98.5
2020-12-02,99.99
2020-12-03,70.99
2020-12-03,77.06
2020-12-03,108.84
2020-12-04,95.99
2020-12-04,104.4
2020-12-05,104.41
2020-12-05,95.99
2020-12-06,115.95
2020-12-07,113.83
2020-12-07,105.25
2020-12-08,77.58
2020-12-08,93.45
2020-12-08,101.99
2020-12-08,110.7
2020-12-09,90.02
2020-12-09,110.7
2020-12-09,77.58
2020-12-09,110.7
2020-12-10,105.71
2020-12-10,100.01
2020-12-11,97.9
2020-12-11,100.01
2020-12-12,112.49
2020-12-12,112.57
2020-12-12,97.42
2020-12-12,90.02
2020-12-15,100.01
2020-12-16,98.96
2020-12-17,99.66
2020-12-17,99.21
2020-12-17,97.95
2020-12-18,97.9
2020-12-18,99.39
2020-12-18,98.04
2020-12-18,97.9
2020-12-19,99.48
2020-12-19,98.67
2020-12-19,97.9
2020-12-20,99.75
2020-12-20,98.58
2020-12-20,97.9
2020-12-21,101.54
2020-12-21,100.55
2020-12-21,99.2
2020-12-21,98.21
2020-12-21,98.12
2020-12-21,97.9
2020-12-22,102.26
2020-12-22,99.74
2020-12-22,99.11
2020-12-22,99.02
2020-12-22,98.66
2020-12-22,97.93
2020-12-23,103.65
2020-12-23,102.66
2020-12-23,101.76
2020-12-23,100.32
2020-12-23,100.05
2020-12-23,99.15
2020-12-23,98.52
2020-12-23,98.16
2020-12-23,110.99
2020-12-28,107.99
2020-12-28,102.3
2020-12-28,101.22
2020-12-28,99.87
2020-12-28,98.97
2020-12-29,97.98
2020-12-29,96.09
2020-12-29,103.83
2020-12-29,102.03
2020-12-29,100.5
2020-12-29,100.23
2020-12-29,99.87
2020-12-29,98.61
2020-12-29,97.98
2020-12-30,97.93
2020-12-30,103.92
2020-12-30,103.02
2020-12-30,101.94
2020-12-30,101.13
2020-12-30,100.59
2020-12-30,99.96
2020-12-30,99.96
2020-12-31,98.07
2020-12-31,97.93
2020-12-31,79.99
2020-12-31,97.93
2020-12-31,104.38
2020-12-31,103.3
2020-12-31,110.99
2021-01-01,119.73
2021-01-06,120.69
2021-01-07,102.4
2021-01-07,99.06
2021-01-07,112.69
2021-01-07,99.06
2021-01-07,80.54
2021-01-08,99.06
2021-01-08,109.9
2021-01-10,81.01
2021-01-11,83.99
2021-01-12,109.9
2021-01-13,83.99
2021-01-14,109.9
2021-01-14,83.99
2021-01-26,86.99
2021-02-01,109.9
2021-02-01,108.55
2021-02-01,107.83
2021-02-01,107.38
2021-02-01,106.3
2021-02-01,104.59
2021-02-01,104.23
2021-02-01,103.78
2021-02-02,103.15
2021-02-02,102.44
2021-02-03,109.27
2021-02-03,108.46
2021-02-03,86.99
2021-02-04,102.44
2021-02-05,109.18
2021-02-05,107.56
2021-02-05,105.94
2021-02-05,104.41
2021-02-05,103.6
2021-02-05,103.06
2021-02-05,102.79
2021-02-06,102.44
2021-02-06,109.45
2021-02-06,107.74
2021-02-06,106.21
2021-02-06,105.76
2021-02-06,105.49
2021-02-06,103.96
2021-02-06,109.9
2021-02-07,109.72
2021-02-07,108.73
2021-02-07,107.2
2021-02-07,106.75
2021-02-07,109.81
2021-02-07,109.72
2021-02-07,107.02
2021-02-07,105.49
2021-02-07,105.13
2021-02-07,103.33
2021-02-07,103.15
2021-02-08,102.52
2021-02-08,102.44
2021-02-08,109
2021-02-08,107.56
2021-02-08,105.76
2021-02-08,105.58
2021-02-08,103.78
2021-02-08,103.15
2021-02-08,102.97
2021-02-09,102.44
2021-02-09,109.81
2021-02-09,108.1
2021-02-09,106.3
2021-02-09,104.77
2021-02-09,104.7
2021-02-10,109.99
2021-02-10,108.64
2021-02-10,108.28
2021-02-10,108.19
2021-02-10,108.1
2021-02-10,107.11
2021-02-10,106.57
2021-02-10,105.04
2021-02-10,104.7
2021-02-11,109.81
2021-02-11,108.37
2021-02-11,108.28
2021-02-11,106.84
2021-02-11,105.76
2021-02-11,105.49
2021-02-11,104.7
2021-02-12,109.36
2021-02-12,106.39
2021-02-12,104.7
2021-02-15,107.74
2021-02-15,106.48
2021-02-15,104.77
2021-02-15,104.7
2021-02-16,109.27
2021-02-16,108.46
2021-02-16,106.66
2021-02-16,105.31
2021-02-16,104.7
2021-02-17,108.09
2021-02-18,109.63
2021-02-18,108.82
2021-02-18,108.09
2021-02-19,109.9
2021-02-19,109.81
2021-02-21,91.99
2021-02-22,108.09
2021-02-23,109.9
2021-02-24,108.99
2021-03-02,109.9
2021-03-10,109.45
2021-03-10,109.07
2021-03-11,109.9
2021-03-11,109.07
2021-03-12,109.9
2021-03-12,109.07
2021-03-13,91.99
2021-03-13,109.07
2021-03-14,91.99
2021-03-16,108.99
2021-03-17,91.99
2021-03-18,108.09
2021-03-19,91.99
2021-03-22,102.99
2021-03-26,102.89
2021-03-29,101.99
2021-04-01,97.84
2021-04-02,97.69
2021-04-04,97.62
2021-04-04,94.99
2021-04-20,101.99
2021-05-10,92.99
2021-05-12,89.99
2021-05-20,101.99
2021-05-25,89.99
2021-05-25,105.83
2021-05-25,89.99
2021-05-25,105.83
2021-05-26,109.81
2021-05-26,108.64
2021-05-26,107.29
2021-05-26,106.66
2021-05-26,105.85
2021-05-26,105.83
2021-05-27,109.18
2021-05-27,108.1
2021-05-27,106.57
2021-05-27,105.79
2021-05-28,109.81
2021-05-28,109.9
2021-05-29,109.27
2021-05-29,107.83
2021-05-29,109.81
2021-05-31,109.9
2021-05-31,89.99
2021-06-04,107
2021-06-05,109.9
2021-06-07,106.84
2021-06-07,98.04
2021-06-07,109.9
2021-06-08,107.91
2021-06-08,107.55
2021-06-08,106.2
2021-06-08,105.79
2021-06-09,108.18
2021-06-09,107.82
2021-06-09,106.38
2021-06-09,105.84
2021-06-09,105.79
2021-06-10,109.63
2021-06-10,108
2021-06-10,107.37
2021-06-10,106.56
2021-06-10,106.29
2021-06-11,105.79
2021-06-11,108
2021-06-11,106.56
2021-06-11,105.79
2021-06-12,109.63
2021-06-12,108.64
2021-06-12,107.47
2021-06-12,107.38
2021-06-12,105.85
2021-06-12,105.79
2021-06-13,108.54
2021-06-13,108.36
2021-06-13,106.92
2021-06-13,106.11
2021-06-14,105.84
2021-06-14,105.79
2021-06-14,109.9
2021-06-14,108.9
2021-06-14,109.9
2021-06-15,108.9
2021-06-15,109.9
2021-06-16,108.9
2021-06-16,109.9
2021-06-17,108.9
2021-06-17,109.9
2021-06-18,108.9
2021-06-18,109.9
2021-06-19,108.9
2021-06-20,109.9
2021-06-20,108.9
2021-06-21,109.18
2021-06-22,108.9
2021-06-22,109.9
2021-06-23,108.9
2021-06-24,109.9
2021-06-24,108.9
2021-06-25,109.9
2021-06-25,108.9
2021-06-25,109.9
2021-06-26,108.9
2021-06-27,109.9
2021-06-27,108.9
2021-06-27,109.9
2021-06-28,108.9
2021-06-28,109.9
2021-06-29,108.9
2021-06-29,103.99
2021-07-01,108.9
2021-07-01,105.51
2021-07-01,108.9
2021-07-05,100.61
2021-07-05,102.53
2021-07-06,97.89
2021-07-06,96.99
2021-07-07,96.21
2021-07-11,102.53
2021-07-11,108.35
2021-07-12,108.9
2021-07-12,107.9
2021-07-13,108.9
2021-07-13,97.69
2021-07-13,104.79
2021-07-15,97.69
2021-07-15,105.72
2021-07-15,104.79
2021-07-16,98.99
2021-07-19,93.99
2021-07-21,92.44
2021-07-21,93.99
2021-07-22,92.44
2021-07-22,93.99
2021-07-23,92.44
2021-07-23,93.99
2021-07-26,99.99
2021-07-27,97.69
2021-07-27,99.99
2021-07-29,97.69
2021-07-29,99.99
2021-08-02,98.9
2021-08-02,97.68
2021-08-02,96.88
2021-08-02,92.51
2021-08-04,91.99
2021-08-05,90.48
2021-08-09,83.99
2021-08-10,81.92
2021-08-11,81.74
2021-08-12,83.57
2021-08-12,88.84
2021-08-13,85.35
2021-08-13,84.57
2021-08-13,88.84
2021-08-15,93.41
2021-08-15,92.15
2021-08-15,90.62
2021-08-15,89.9
2021-08-15,89
2021-08-15,88.84
2021-08-16,93.68
2021-08-16,93.14
2021-08-16,92.06
2021-08-16,90.62
2021-08-16,89.18
2021-08-16,88.84
2021-08-17,84.69
2021-08-18,84.25
2021-08-18,88.84
2021-08-18,94.2
2021-08-22,88.84
2021-08-22,94.2
2021-08-23,94.29
2021-08-24,93.52
2021-08-25,74.99
2021-08-25,88.29
2021-08-26,83.99
2021-08-30,82.19
2021-08-30,78.99
2021-08-30,74.9
2021-08-30,78.99
2021-09-02,74.85
2021-09-02,82.19
2021-09-03,81.99
2021-09-03,83.19
2021-09-04,89.36
2021-09-04,87.83
2021-09-04,86.39
2021-09-04,84.77
2021-09-04,84.68
2021-09-04,84.23
2021-09-04,83.19
2021-09-05,89.18
2021-09-05,87.65
2021-09-05,86.12
2021-09-05,84.5
2021-09-05,69.99
2021-09-05,83.19
2021-09-06,89.9
2021-09-06,89.18
2021-09-06,88.01
2021-09-06,86.12
2021-09-06,85.31
2021-09-06,84.41
2021-09-07,83.33
2021-09-07,83.19
2021-09-07,77.99
2021-09-07,82.99
2021-09-07,78.79
2021-09-07,88.84
2021-09-08,89.99
2021-09-08,89.9
2021-09-08,89.09
2021-09-09,89.9
2021-09-09,81.03
2021-09-10,69.99
2021-09-10,81.02
2021-09-13,80.84
2021-09-13,80.83
2021-09-13,81.37
2021-09-14,80.84
2021-09-14,80.83
2021-09-14,80.68
2021-09-15,80.67
2021-09-15,80.56
2021-09-16,80.57
2021-09-16,80.56
2021-09-16,80.44
2021-09-17,76.1
2021-09-17,76.09
2021-09-17,76.02
2021-09-18,76.03
2021-09-19,76.02
2021-09-19,82.44
2021-09-20,80.21
2021-09-20,83.99
2021-09-21,80.21
2021-09-21,83.99
2021-09-21,80.21
2021-09-21,83.99
2021-09-22,80.21
2021-09-22,83.99
2021-09-23,80.21
2021-09-23,83.99
2021-09-24,80.21
2021-09-24,83.99
2021-09-26,69.99
2021-09-26,83.99
2021-09-27,86.21
2021-09-27,76.65
2021-09-27,76.66
2021-09-28,76.64
2021-09-28,76.66
2021-09-29,67.99
2021-10-05,74.99
2021-10-06,70.99
2021-10-12,67.99
2021-10-13,64.99
2021-10-18,74.99
2021-10-18,85.89
2021-10-19,74.99
2021-10-19,85.89
2021-10-20,83.06
2021-10-20,85.89
2021-10-21,83.06
2021-10-21,83.05
2021-10-22,83.06
2021-10-22,83.05
2021-10-23,83.23
2021-10-23,84.98
2021-10-23,86.16
2021-10-24,72.99
2021-10-27,64.99
2021-11-01,68.99
2021-11-08,64.99
2021-11-15,68.99
2021-11-22,67.99
2021-11-22,59.99
2021-11-30,68.99
2021-12-01,64
2021-12-02,68.99
2021-12-03,64
2021-12-04,68.99
2021-12-05,64
2021-12-06,59.99
2021-12-13,64
2021-12-20,59.99
2021-12-27,64
2021-12-31,71.99
2022-01-03,59.99
2022-01-10,71.99
2022-01-17,62.99
2022-01-24,71.99
2022-01-31,71
2022-01-31,64.99
2022-02-07,71.99
2022-02-15,64.99
2022-02-21,71.99
2022-02-23,73.99
2022-02-28,73
2022-02-28,64.99
2022-03-07,73.99
2022-03-14,64.99
2022-03-21,73.99
2022-03-28,64.99
2022-04-04,73.99
2022-04-11,64.99
2022-04-18,68.99
2022-04-25,62.99
2022-05-02,69.99
2022-05-03,68.99
2022-05-09,62.99
2022-05-12,61.99
2022-05-16,62.99
2022-05-16,68.99
2022-05-18,66.99
2022-05-23,62.99
2022-05-31,68.99
2022-06-06,59.99
2022-06-13,65.99
2022-06-17,62.98
2022-06-20,57.99
2022-06-27,65.99
2022-07-05,56.99
2022-07-11,49.99
2022-07-13,67.96
2022-07-13,49.99
2022-07-13,67.96
2022-07-13,49.99
2022-07-13,67.96
2022-07-13,74.99
2022-07-14,74.94
2022-07-14,74.89
2022-07-14,49.99
2022-07-14,71.04
2022-07-14,70.95
2022-07-14,70.86
2022-07-14,66.77
2022-07-14,49.99
2022-07-14,71.71
2022-07-14,49.99
2022-07-19,54.99
2022-07-25,63.66
2022-07-27,49.99
2022-07-27,63.66
2022-08-01,54.99
2022-08-07,53
2022-08-08,61.99
2022-08-10,56.99
2022-08-15,52.9
2022-08-22,56.99
2022-08-29,52.99
2022-09-06,56.99
2022-09-12,52.99
2022-09-19,56.99
2022-09-21,58.99
2022-09-26,62.94
2022-09-26,59.94
2022-09-27,49.99
2022-10-03,56.99
2022-10-10,49.99
2022-10-17,56.99
2022-10-22,46
2022-10-22,56.99
2022-10-23,46
2022-10-25,44
2022-10-26,52.99
2022-10-27,44
2022-10-27,52.99
2022-10-27,44
2022-10-28,52.99
2022-10-31,44
2022-10-31,52.99
2022-11-01,56.99
2022-11-01,44
2022-11-01,56.99
2022-11-03,44
2022-11-03,56.99
2022-11-07,52.99
2022-11-15,56.99
2022-11-17,49.99
2022-11-18,44
2022-11-27,63.66
2022-11-28,46.99
2022-11-28,63.66
2022-12-02,57.99
2022-12-02,54.99
2022-12-05,48.99
2022-12-07,44
2022-12-12,57.99
2022-12-12,54.99
2022-12-19,48.99
2022-12-23,63.66
2022-12-23,48.99
2022-12-24,63.66
2022-12-24,48.99
2022-12-26,52.99
2023-01-02,47.99
2023-01-09,52.99
2023-01-10,47.99
2023-01-16,44.99
2023-01-23,47.99
2023-01-27,50.99
2023-01-27,47.99
2023-01-29,52.99
2023-01-30,44.99
2023-01-31,49.99
2023-02-02,52.99
2023-02-02,44.99
2023-02-21,45.99
2023-02-27,42.99
2023-03-06,45.99
2023-03-14,39.99
2023-03-20,39.98
2023-03-20,44.99
2023-03-23,44.98
2023-03-27,39.99
2023-03-30,39.98
2023-04-01,44.99
2023-04-01,49.94
2023-04-02,39.99
2023-04-03,44.99
2023-04-03,44.98
2023-04-06,44.99
2023-04-10,40.99
2023-04-10,39.99
2023-04-17,44.99
2023-04-19,44.97
2023-04-24,39.99
2023-04-24,37.99
2023-05-01,42.99
2023-05-01,44.97
2023-05-04,33.43
2023-05-04,44.97
2023-05-08,37.99
2023-05-15,42.99
2023-05-15,44.97
2023-05-22,38.99
2023-05-30,43.99
2023-05-30,44.99
2023-05-31,44.97
2023-06-05,38.99
2023-06-26,39.99
2023-07-10,38.99
2023-07-11,37.99
2023-07-17,39.99
2023-07-31,38.99
2023-08-17,29.99
2023-08-17,38.99
2023-08-21,44.99
2023-08-24,38.99
2023-09-19,44.99
2023-09-20,42.99
2023-09-20,39.99
2023-09-22,38.99
2023-09-24,39.99
2023-09-25,44.99
2023-09-27,38.99
2023-09-27,39.99
2023-09-28,44.99
2023-09-28,38.99
2023-10-03,44.99
2023-10-03,38.99
2023-10-10,37.99
2023-10-13,35.99
2023-10-16,30.99
2023-10-17,38.99
2023-10-17,30.99
2023-10-17,38.99
2023-10-18,39.99
2023-10-20,38.99
2023-10-20,39.99
2023-10-21,38.99
2023-10-21,39.99
2023-10-21,38.99
2023-10-21,39.99
2023-10-23,38.99
2023-10-23,39.99
2023-10-26,32.15
2023-10-26,39.99
2023-11-06,38.99
2023-11-07,39.99
2023-11-07,38.99
2023-11-07,39.99
2023-11-09,38.99
2023-11-09,39.99
2023-12-07,40.99
2023-12-24,39.99
2024-01-01,38.99
2024-01-08,40.99
2024-01-08,38.99
2024-01-13,44.99
2024-01-15,38.99
2024-01-22,43.99
2024-01-22,44.99
2024-01-29,39.99
2024-02-05,44.99
2024-02-12,39.99
2024-02-20,44.99
2024-02-26,39.99
2024-03-04,44.99
2024-03-05,39.99
2024-03-08,44.99
2024-03-08,39.99
2024-03-18,44.99
2024-03-19,39.99
2024-03-20,44.99
2024-03-23,39.99
2024-03-27,38.99
2024-03-30,39.99
2024-03-30,38.99
2024-04-03,44.99
2024-04-05,38.99
2024-04-08,39.99
2024-04-16,44.99
2024-04-22,39.99
2024-04-23,38.99
2024-04-26,39.99
2024-04-30,38.99
2024-04-30,39.99
2024-05-01,43.99
2024-05-02,44.99
2024-05-04,38.99
2024-05-05,44.99
2024-05-06,39.99
2024-05-10,29.99
2024-05-10,39.99
2024-05-14,44.99
2024-05-17,39.99
2024-05-17,44.99
2024-05-20,38.99
2024-05-28,39.99
2024-05-30,44.99
2024-06-03,38.99
2024-06-11,39.99
2024-06-17,38.99
2024-06-25,39.99
2024-06-25,44.99
2024-06-26,39.99
2024-06-26,44.99
2024-06-27,39.99
2024-07-01,37.99
2024-07-08,39.99
2024-07-11,44.99
2024-07-11,39.99
2024-07-11,44.99
2024-07-14,39.99
2024-07-14,44.99
2024-07-15,39.99
2024-07-16,37.99
2024-07-16,35.99
2024-07-22,39.99
2024-07-23,44.99
2024-07-23,39.99
2024-07-24,44.99
2024-07-24,39.99
2024-07-24,44.99
2024-07-29,35.99
2024-08-05,39.99
2024-08-06,35.99
2024-08-11,39.99
2024-08-12,35.99
2024-08-23,39.99
2024-09-12,35.99
2024-09-12,39.99
2024-09-13,35.99
2024-09-13,39.99
2024-10-05,35.99
2024-10-05,39.99
2024-10-08,34.99
2024-10-09,32.99
2024-10-10,37.99
2024-10-11,32.99
2024-10-20,31
2024-10-20,32.99
2024-10-22,31
2024-10-22,32.99
2024-10-24,27
2024-10-24,26.5
2024-10-25,31
2024-10-25,32.99
2024-10-27,26.5
2024-10-27,32.99
2024-11-10,31
2024-11-11,32.99
2024-11-14,31
2024-11-15,32.99
2024-11-21,30.99
2024-11-24,29.99
2024-11-24,30.88
2024-12-03,30.99
2024-12-04,32.99
2024-12-20,36.99
2024-12-21,32.99
2024-12-22,36.99
2024-12-23,38.53
2024-12-23,43.61
2024-12-23,32.99
2024-12-24,36.99
2024-12-26,32.99
2024-12-27,36.99
2024-12-29,32.99
2024-12-31,36.99
2025-01-02,32.99
2025-01-31,34.98
2025-02-09,35.99
2025-02-10,36.99
2025-02-28,29.99
2025-03-02,36.99
2025-03-11,36.39
2025-03-14,36.99
2025-03-16,36.39
2025-03-18,33.89
2025-03-21,36.99
2025-03-22,33.89
2025-03-28,36.99
2025-03-29,33.89
2025-04-04,36.99
2025-04-05,33.89
2025-04-09,33.88
2025-04-10,33.89
2025-04-11,36.99
2025-04-20,36.25
2025-04-20,37.99
2025-04-20,36.99
2025-04-20,34.89
2025-04-25,34.99
2025-04-26,34.89
2025-05-02,36.99
2025-05-10,34.89
2025-05-12,36.99
2025-05-18,34.89
2025-05-18,36.99
2025-05-19,39.99
2025-05-24,34.89
2025-05-25,39.99
2025-05-27,39.95
2025-05-27,36.99
2025-06-02,34.89
2025-06-03,36.99
2025-06-03,34.89
2025-06-05,36.99
2025-06-06,34.89
2025-06-06,36.99
2025-06-12,36
2025-06-13,36.99
2025-06-18,50.99
2025-06-20,36.99
2025-06-20,50.99
2025-06-23,36.99
2025-06-24,48.95
2025-06-25,36.99
2025-06-26,59
2025-06-26,71.99
2025-06-30,61.19
2025-07-03,54.46
2025-07-04,36.99
2025-07-04,54.46
2025-07-07,49.95
2025-07-08,49.99
2025-07-08,50.04
2025-07-08,50.05
2025-07-08,50.15
2025-07-08,50.21
2025-07-09,50.22
2025-07-09,50.23
2025-07-09,50.24
2025-07-09,50.25
2025-07-09,50.29
2025-07-09,50.32
2025-07-09,50.35
2025-07-09,50.5
2025-07-09,50.72
2025-07-09,50.67
2025-07-09,50.7
2025-07-09,50.75
2025-07-09,50.77
2025-07-09,50.8
2025-07-09,50.86
2025-07-09,50.91
2025-07-10,50.89
2025-07-10,50.9
2025-07-10,50.94
2025-07-10,50.81
2025-07-10,50.83
2025-07-10,50.88
2025-07-10,50.94
2025-07-10,50.95
2025-07-10,51.01
2025-07-10,51.02
2025-07-10,71.99
2025-07-14,66.23
2025-07-15,43.99
2025-07-21,45.99
2025-08-04,49.99
2025-08-11,47.99
2025-08-25,71.99
2025-08-25,47.99
2025-09-15,71.99
2025-09-15,51.83
2025-09-15,47.99
2025-09-21,71.99
2025-10-21,34.89
2025-10-21,71.99
2025-10-31,79.99
2025-11-03,61.19
2025-11-04,79.99
2025-11-04,79.99
2025-11-05,79.99
2025-11-05,79.99
2025-11-05,79.99
2025-11-05,79.99
2025-11-05,95.03
2025-11-05,79.99
2025-11-09,95.03
2025-11-09,79.99
2025-11-09,95.03
2025-11-09,79.99
2025-11-09,95.03
2025-11-09,79.99
2025-11-09,95.03
2025-11-09,79.99
2025-11-10,95.03
2025-11-10,79.99
2025-11-10,95.03
2025-11-10,79.99
2025-11-10,95.03
2025-11-10,79.99
2025-11-10,95.03
2025-11-10,79.99
2025-11-10,95.03
2025-11-11,79.99
2025-11-11,95.03
2025-11-11,79.99
2025-11-11,95.03
2025-11-11,79.99
2025-11-11,95.03
2025-11-11,79.99
2025-11-11,95.03
2025-11-11,79.99
2025-11-11,95.03
2025-11-11,79.99
2025-11-11,95.03
2025-11-11,79.99
2025-11-12,95.03
2025-11-12,79.99
2025-11-12,95.03
2025-11-12,79.99
2025-11-12,95.03
2025-11-12,79.99
2025-11-12,95.03
2025-11-12,79.99
2025-11-12,95.03
2025-11-12,79.99
2025-11-13,95.03
2025-11-13,79.99
2025-11-14,85.99
2025-11-14,85.99
2025-11-14,85.99
2025-11-14,85.99
2025-11-14,85.99
2025-11-15,85.99
2025-11-15,85.99
2025-11-16,85.99
2025-11-16,85.99
2025-11-17,87.99
2025-11-27,91.99
2025-11-28,91.99
2025-11-28,91.99
2025-11-30,91.99
2025-11-30,91.99
2025-12-01,91.99
2025-12-02,94.99
2025-12-02,94.99
2025-12-02,94.99
2025-12-02,94.99
2025-12-02,94.99
2025-12-02,94.99
2025-12-02,94.99
2025-12-03,94.99
2025-12-03,94.99
2025-12-04,94.99
2025-12-04,94.99
2025-12-04,94.99
2025-12-04,94.99
2025-12-04,94.99
2025-12-05,94.99
2025-12-05,94.99
2025-12-05,94.99
2025-12-05,94.99
2025-12-06,94.99
2025-12-06,94.99
2025-12-08,94.99
2025-12-08,94.99
2025-12-08,94.99
2025-12-08,94.99
2025-12-09,96.99
2025-12-09,96.99
2025-12-11,96.99
2025-12-11,96.99
2025-12-11,96.99
2025-12-11,96.99
2025-12-11,96.99
2025-12-11,96.99
2025-12-12,96.99
2025-12-12,96.99
2025-12-12,96.99
2025-12-13,96.99
2025-12-14,96.99
2025-12-14,96.99
2025-12-14,96.99
2025-12-14,96.99
2025-12-14,96.99
2025-12-14,96.99
2025-12-14,96.99
2025-12-15,149.95
2025-12-15,96.99
2025-12-15,149.95
2025-12-15,96.99
2025-12-15,149.95
2025-12-15,96.99
2025-12-15,149.95
2025-12-15,96.99
2025-12-15,149.95
2025-12-15,149.95
2025-12-15,149
2025-12-16,96.99
2025-12-16,149
2025-12-16,96.99
2025-12-16,149
2025-12-16,96.99
2025-12-16,149
2025-12-16,96.99
2025-12-16,149
2025-12-16,96.99
2025-12-16,149
2025-12-17,96.99
2025-12-17,149
2025-12-17,96.99
2025-12-18,149
2025-12-18,96.99
2025-12-18,149
2025-12-18,96.99
2025-12-18,96.99
2025-12-18,96.99
2025-12-18,96.99
2025-12-18,96.99
2025-12-18,96.99
2025-12-18,96.99
2025-12-18,96.99
2025-12-18,144.95
2025-12-19,96.99
2025-12-19,144.95
2025-12-19,96.99
2025-12-19,144.95
2025-12-19,96.99
2025-12-19,144.95
2025-12-19,96.99
2025-12-19,144.95
2025-12-19,96.99
2025-12-19,144.95
2025-12-19,96.99
2025-12-19,144.95
2025-12-19,96.99
2025-12-20,144.95
2025-12-20,96.99
2025-12-20,144.95
2025-12-20,96.99
2025-12-20,144.95
2025-12-20,96.99
2025-12-21,144.95
2025-12-21,96.99
2025-12-21,144.95
2025-12-21,96.99
2025-12-21,144.95
2025-12-21,96.99
2025-12-22,144.95
2025-12-22,96.99
2025-12-22,144.95
2025-12-22,96.99
2025-12-22,144.95
2025-12-22,96.99
2025-12-22,144.95
2025-12-22,96.99
2025-12-23,144.95
2025-12-23,96.99
2025-12-23,144.95
2025-12-23,96.99
2025-12-23,144.95
2025-12-23,96.99
2025-12-23,144.95
2025-12-23,96.99
2025-12-24,144.95
2025-12-24,96.99
2025-12-24,144.95
2025-12-24,96.99
2025-12-24,149
2025-12-24,96.99
2025-12-24,149
2025-12-25,96.99
2025-12-25,149
2025-12-25,96.99
2025-12-25,149
2025-12-26,96.99
2025-12-26,149
2025-12-26,96.99
2025-12-26,149
2025-12-26,149
2025-12-27,96.99
2025-12-27,144.95
2025-12-27,96.99
2025-12-27,144.95
2025-12-27,96.99
2025-12-27,144.95
2025-12-27,96.99
2025-12-28,144.95
2025-12-29,144.95
2025-12-31,96.99
2025-12-31,96.99
2026-01-01,96.99
2026-01-01,96.99
2026-01-02,149.99
2026-01-03,96.99
2026-01-03,149.99
2026-01-03,96.99
2026-01-03,149.99
2026-01-03,96.99
2026-01-03,149.99
2026-01-03,61.19
2026-01-03,149.99
2026-01-03,61.19
2026-01-03,144.95
2026-01-04,61.19
2026-01-04,144.95
2026-01-04,61.19
2026-01-04,144.95
2026-01-04,61.19
2026-01-04,144.95
2026-01-05,61.19
2026-01-05,144.95
2026-01-05,61.19
2026-01-05,144.95
2026-01-05,61.19
2026-01-05,139
2026-01-05,61.19
2026-01-05,139
2026-01-06,61.19
2026-01-06,139
2026-01-06,61.19
2026-01-06,139
2026-01-06,61.19
2026-01-06,139
2026-01-06,129.95
2026-01-06,139
2026-01-06,61.19
2026-01-07,139
2026-01-07,149.99
2026-01-08,149
2026-01-09,144.99
2026-01-09,149
2026-01-10,144.99
2026-01-10,149
2026-01-13,142.99
2026-01-13,149
2026-01-13,149.99
2026-01-13,142.99
2026-01-13,149.99
2026-01-13,142.99
2026-01-13,149
2026-01-14,142.99
2026-01-14,149
2026-01-14,142.99
2026-01-14,149
2026-01-14,142.99
2026-01-14,149
2026-01-14,159.99
2026-01-15,142.99
2026-01-15,159.99
2026-01-16,149
2026-01-16,159.99
2026-01-18,142.99
2026-01-18,159.99
2026-01-18,142.99
2026-01-19,159.99
2026-01-19,169.99
2026-01-20,142.99
2026-01-20,169.99
2026-01-23,142.99
2026-01-23,169.99
2026-01-26,142.99
2026-01-26,169.99
2026-01-27,168
2026-01-29,169.99
2026-01-29,142.99
2026-01-29,169.99
2026-01-30,142.99
2026-01-30,169.99
2026-01-30,142.99
2026-01-30,169.99
2026-01-30,142.99
2026-01-30,169.99
2026-01-30,142.99
2026-01-30,169.99
2026-01-30,142.99
2026-01-30,169.99
2026-01-31,156.99
2026-01-31,142.99
2026-01-31,156.99
2026-01-31,142.99
2026-01-31,156.99
2026-02-01,142.99
2026-02-01,156.99
2026-02-01,142.99
2026-02-01,156.99
2026-02-02,156.99
2026-02-02,156.99
2026-02-03,142.99
2026-02-03,156.99
2026-02-03,142.99
2026-02-03,156.99
2026-02-04,156.59
2026-02-04,156.99
2026-02-04,142.99
2026-02-04,156.99
2026-02-05,142.99
2026-02-05,156.99
2026-02-05,142.99
2026-02-05,156.99
2026-02-07,142.99
2026-02-08,156.99
2026-02-08,129.95
2026-02-08,142.99
2026-02-09,156.99
2026-02-12,142.99
2026-02-12,156.99
2026-02-14,142.99
2026-02-14,156.99
2026-02-15,142.99
2026-02-15,156.99
2026-02-15,142.99
2026-02-15,156.99
2026-02-17,142.99
2026-02-17,156.99
2026-02-18,142.99
2026-02-18,156.99
2026-02-19,142.99
2026-02-19,156.99
2026-02-20,142.99
2026-02-20,156.99
2026-02-21,142.95
2026-02-22,156.99
2026-02-22,142.95
2026-02-23,156.99
2026-02-23,142.95
2026-02-23,156.99
2026-02-23,142.99
2026-02-23,156.99
2026-02-24,142.99
2026-02-24,156.99
2026-02-25,142.99
2026-02-25,156.99
2026-02-25,142.99
2026-02-26,156.99
2026-02-26,142.99
2026-02-27,156.99
2026-02-28,142.95
2026-02-28,156.99
2026-02-28,142.95
2026-03-01,142.99
2026-03-01,156.99
2026-03-05,142.99
2026-03-05,156.99
2026-03-06,142.95
2026-03-07,142.99
2026-03-08,156.99
2026-03-08,142.99
2026-03-08,156.99
2026-03-08,142.99
2026-03-09,156.99
2026-03-09,142.99
2026-03-09,156.99
2026-03-09,142.99
2026-03-09,156.99
2026-03-09,142.99
2026-03-09,149.34
2026-03-10,142.99
2026-03-10,149.34
2026-03-10,142.99
2026-03-10,149.34
2026-03-12,142.99
2026-03-28,134.95
2026-03-29,142.99
2026-04-03,134.95
2026-04-05,142.99
2026-04-14,144.99
2026-04-20,148.99
2026-04-25,147.99
2026-04-28,144.99
2026-05-04,144
2026-05-06,144.99
2026-05-06,144
2026-05-08,144.99
2026-05-08,144
2026-05-10,144.99
2026-05-13,144
2026-05-15,142
2026-05-15,144.99
2026-05-17,159.95
2026-05-17,156
2026-05-18,154.49
2026-05-18,149.99
2026-05-26,145
2026-05-28,145
